'}''$	'latin-1'0''!
""""
#
$
%
&
'
(
)
*
+
","
-
.
/
0
1
2
3
4
5
6
7
8
9
:
;
<
=
>
?
@
A
B
C
D
E
F":1,"
I
J
K
L
M
N
O
P
Q
R
S
T
U
V
W
X
Y
Z
[
\\\\\\\\\\\\\\\\\\\\\\\
]
^
_
`
a
b
c
j
k
l

Ë
Ì
Í
Î
Ï
Ð
Ñ
Ò
Ó
Ôw
x
y
z
{
|
}
~
Ÿ
¡
¢
£
¤
¥
¦
§
¨
©
ª
«
¬
­
®
¯
°
±
²
³
´
µ
¶
·
¸
¹
º
»
¼
½
¾
¿
À
Á
Â
Ã
Ä
Å
ÿ}}}}}}}}}}}}}}}}}}}}}}
Ç
È
É
Ê
Ë
Ì
Í
Î
Ï
Ð
Ñ
Ò
Ó
Ô
2
3
4
5
Õ
Ö
×
Ø
Ù
Ú
Û
Ü
Ý
Þ
ß
à
á
â
ã
ä
å
æ
ç
è
é